invoice_id,invoice_text,customer_feedback,sentiment
INV-001,"Invoice No: INV-001 | Date: 2025-11-15 | From: TechNova Solutions Pvt Ltd | To: Sharma Electronics, Mumbai | Items: 5x Wireless Mouse @Rs.450, 3x USB Hub @Rs.350 | Subtotal: Rs.3300 | GST (18%): Rs.594 | Total: Rs.3894 | Payment Due: 2025-12-15","Excellent quality wireless mouse, very responsive and comfortable. Fast delivery too!",positive
INV-002,"Invoice No: INV-002 | Date: 2025-09-03 | From: Bharat Electronics Ltd | To: Gupta Traders, Delhi | Items: 10x HDMI Cable 2m @Rs.250, 5x Ethernet Cable 5m @Rs.180 | Subtotal: Rs.3400 | GST (18%): Rs.612 | Total: Rs.4012 | Payment Due: 2025-10-03","The HDMI cables stopped working within a week. Extremely poor quality, will not order again from Bharat Electronics.",negative
INV-003,"Invoice No: INV-003 | Date: 2025-07-22 | From: Reliance Digital Wholesale | To: Patel Computers, Ahmedabad | Items: 2x HP Laptop 15s @Rs.42000 | Subtotal: Rs.84000 | GST (18%): Rs.15120 | Total: Rs.99120 | Payment Due: 2025-08-22","Laptops arrived on the expected date. Performance is adequate for office work.",neutral
INV-004,"Invoice No: INV-004 | Date: 2025-12-01 | From: Flipkart Wholesale | To: Reddy IT Solutions, Hyderabad | Items: 20x Logitech Keyboard @Rs.750, 20x Logitech Mouse @Rs.500 | Subtotal: Rs.25000 | GST (18%): Rs.4500 | Total: Rs.29500 | Payment Due: 2026-01-01","The keyboards are fantastic! Typing is smooth and silent. Flipkart Wholesale delivered ahead of schedule, really impressed.",positive
INV-005,"Invoice No: INV-005 | Date: 2025-10-18 | From: CloudMinds India Pvt Ltd | To: Nair Technologies, Kochi | Items: 1x Cloud Server License (Annual) @Rs.120000 | Subtotal: Rs.120000 | GST (18%): Rs.21600 | Total: Rs.141600 | Payment Due: 2025-11-18","CloudMinds support team is unresponsive. We faced 3 outages in the first month and nobody addressed our tickets. Very disappointing service.",negative
INV-006,"Invoice No: INV-006 | Date: 2026-01-10 | From: DataServe Technologies | To: Singh Infotech, Chandigarh | Items: 4x 1TB SSD @Rs.5500, 4x 16GB RAM DDR5 @Rs.3200 | Subtotal: Rs.34800 | GST (18%): Rs.6264 | Total: Rs.41064 | Payment Due: 2026-02-10","SSDs are performing as expected. Installation was smooth. No complaints so far.",neutral
INV-007,"Invoice No: INV-007 | Date: 2025-08-05 | From: Zoho Enterprise Solutions | To: Mehta & Associates, Pune | Items: 15x Zoho CRM License (Monthly) @Rs.1200 | Subtotal: Rs.18000 | GST (18%): Rs.3240 | Total: Rs.21240 | Payment Due: 2025-09-05","Zoho CRM has transformed our sales pipeline. The analytics dashboard is incredibly useful and the team adopted it quickly.",positive
INV-008,"Invoice No: INV-008 | Date: 2025-06-14 | From: Wipro Peripherals | To: Das Electronics, Kolkata | Items: 8x 24-inch LED Monitor @Rs.12500 | Subtotal: Rs.100000 | GST (18%): Rs.18000 | Total: Rs.118000 | Payment Due: 2025-07-14","Two of the eight monitors had dead pixels right out of the box. Wipro's return process is a nightmare. Terrible experience.",negative
INV-009,"Invoice No: INV-009 | Date: 2026-02-20 | From: TechNova Solutions Pvt Ltd | To: Iyer Systems, Chennai | Items: 3x Webcam HD 1080p @Rs.2800, 3x Noise-Cancelling Headset @Rs.3500 | Subtotal: Rs.18900 | GST (18%): Rs.3402 | Total: Rs.22302 | Payment Due: 2026-03-20","Great audio quality on the headsets. The webcams are clear and work well for video calls. Happy with this purchase from TechNova.",positive
INV-010,"Invoice No: INV-010 | Date: 2025-11-28 | From: Infosys BPO Supplies | To: Kapoor Enterprises, Jaipur | Items: 50x Cat6 Ethernet Cable 3m @Rs.120 | Subtotal: Rs.6000 | GST (18%): Rs.1080 | Total: Rs.7080 | Payment Due: 2025-12-28","Cables are standard quality. They work fine for our office network setup.",neutral
INV-011,"Invoice No: INV-011 | Date: 2025-09-12 | From: HCL Digital Store | To: Banerjee IT Hub, Kolkata | Items: 5x HP LaserJet Printer @Rs.18500 | Subtotal: Rs.92500 | GST (18%): Rs.16650 | Total: Rs.109150 | Payment Due: 2025-10-12","Printers are excellent. Print quality is sharp, toner lasts long, and setup was straightforward. HCL provided great after-sales support.",positive
INV-012,"Invoice No: INV-012 | Date: 2025-07-30 | From: Micromax Distribution | To: Verma Mobile Zone, Lucknow | Items: 25x Micromax IN 2c Smartphone @Rs.7500 | Subtotal: Rs.187500 | GST (18%): Rs.33750 | Total: Rs.221250 | Payment Due: 2025-08-30","Phones are laggy and the battery drains within 4 hours. Multiple customers have returned them. Will not restock Micromax products.",negative
INV-013,"Invoice No: INV-013 | Date: 2026-03-05 | From: Amazon Business India | To: Joshi Office Supplies, Nagpur | Items: 10x Wireless Presenter @Rs.1500, 10x USB-C Dongle @Rs.800 | Subtotal: Rs.23000 | GST (18%): Rs.4140 | Total: Rs.27140 | Payment Due: 2026-04-05","Presenters work well and the range is good. USB-C dongles are compatible with all our devices. Satisfied with the order.",positive
INV-014,"Invoice No: INV-014 | Date: 2025-10-07 | From: Tata Consultancy Peripherals | To: Malhotra Computers, Delhi | Items: 2x Dell Inspiron 14 Laptop @Rs.55000 | Subtotal: Rs.110000 | GST (18%): Rs.19800 | Total: Rs.129800 | Payment Due: 2025-11-07","The Dell laptops are decent. Battery life is average. Nothing exceptional but gets the job done.",neutral
INV-015,"Invoice No: INV-015 | Date: 2025-08-19 | From: CloudMinds India Pvt Ltd | To: Chatterjee Solutions, Kolkata | Items: 1x Managed Hosting Plan (6 months) @Rs.75000 | Subtotal: Rs.75000 | GST (18%): Rs.13500 | Total: Rs.88500 | Payment Due: 2025-09-19","Server uptime has been consistently 99.9%. CloudMinds migration team handled everything professionally. Highly recommend their hosting.",positive
INV-016,"Invoice No: INV-016 | Date: 2026-01-25 | From: Lenskart Business | To: Srinivasan Optics, Chennai | Items: 30x Blue Light Filter Glasses @Rs.800 | Subtotal: Rs.24000 | GST (18%): Rs.4320 | Total: Rs.28320 | Payment Due: 2026-02-25","The frames broke easily for 5 pairs. Quality control seems lacking at Lenskart's wholesale division. Need better build quality.",negative
INV-017,"Invoice No: INV-017 | Date: 2025-12-14 | From: DataServe Technologies | To: Khan IT Services, Bhopal | Items: 2x Network Switch 24-port @Rs.15000, 1x Server Rack @Rs.25000 | Subtotal: Rs.55000 | GST (18%): Rs.9900 | Total: Rs.64900 | Payment Due: 2026-01-14","Network switches are reliable and easy to configure. The server rack is sturdy. DataServe packed everything very securely.",positive
INV-018,"Invoice No: INV-018 | Date: 2025-06-28 | From: Reliance Digital Wholesale | To: Pandey Electronics, Varanasi | Items: 15x Power Bank 20000mAh @Rs.1200 | Subtotal: Rs.18000 | GST (18%): Rs.3240 | Total: Rs.21240 | Payment Due: 2025-07-28","Half the power banks don't charge past 80%. Reliance Digital needs to check their inventory quality. Asking for replacement.",negative
INV-019,"Invoice No: INV-019 | Date: 2025-11-02 | From: Wipro Peripherals | To: Saxena Technologies, Indore | Items: 6x Mechanical Keyboard RGB @Rs.3500 | Subtotal: Rs.21000 | GST (18%): Rs.3780 | Total: Rs.24780 | Payment Due: 2025-12-02","Received the keyboards. They match the product description and the RGB lighting works fine.",neutral
INV-020,"Invoice No: INV-020 | Date: 2026-02-08 | From: Freshworks Software | To: Deshmukh Corp, Pune | Items: 10x Freshdesk Agent License (Annual) @Rs.15000 | Subtotal: Rs.150000 | GST (18%): Rs.27000 | Total: Rs.177000 | Payment Due: 2026-03-08","Freshdesk has been a game-changer for our customer support. Ticket management is seamless and reporting is top-notch. Worth every rupee.",positive
INV-021,"Invoice No: INV-021 | Date: 2025-09-25 | From: TechNova Solutions Pvt Ltd | To: Bhat IT Services, Bangalore | Items: 4x Laptop Stand Adjustable @Rs.2200, 4x Ergonomic Mouse Pad @Rs.650 | Subtotal: Rs.11400 | GST (18%): Rs.2052 | Total: Rs.13452 | Payment Due: 2025-10-25","Laptop stands are wobbly and don't hold the weight of a 15-inch laptop. The mouse pads are fine but the stands are unusable. Disappointed with TechNova this time.",negative
INV-022,"Invoice No: INV-022 | Date: 2025-07-08 | From: Bharat Electronics Ltd | To: Agarwal Systems, Kanpur | Items: 3x UPS 1100VA @Rs.5500 | Subtotal: Rs.16500 | GST (18%): Rs.2970 | Total: Rs.19470 | Payment Due: 2025-08-08","UPS units provide good backup during power cuts. Battery indicator is helpful. Solid purchase from Bharat Electronics.",positive
INV-023,"Invoice No: INV-023 | Date: 2026-03-18 | From: Flipkart Wholesale | To: Thakur Electronics, Patna | Items: 12x USB Flash Drive 64GB @Rs.350, 12x Micro SD Card 128GB @Rs.600 | Subtotal: Rs.11400 | GST (18%): Rs.2052 | Total: Rs.13452 | Payment Due: 2026-04-18","Storage devices are working properly. Data transfer speeds are as advertised.",neutral
INV-024,"Invoice No: INV-024 | Date: 2025-10-30 | From: Zoho Enterprise Solutions | To: Pillai Associates, Trivandrum | Items: 5x Zoho Books License (Annual) @Rs.8000 | Subtotal: Rs.40000 | GST (18%): Rs.7200 | Total: Rs.47200 | Payment Due: 2025-11-30","Zoho Books has simplified our accounting tremendously. GST filing features are particularly useful for Indian businesses. Excellent product.",positive
INV-025,"Invoice No: INV-025 | Date: 2025-08-13 | From: Infosys BPO Supplies | To: Rao Digital World, Visakhapatnam | Items: 100x RJ45 Connectors @Rs.15, 10x Crimping Tool @Rs.500 | Subtotal: Rs.6500 | GST (18%): Rs.1170 | Total: Rs.7670 | Payment Due: 2025-09-13","Crimping tools broke after first use. The connectors are fine but the tools are garbage. Complete waste of Rs.5000.",negative
INV-026,"Invoice No: INV-026 | Date: 2026-01-05 | From: HCL Digital Store | To: Mishra Infotech, Ranchi | Items: 3x Canon Inkjet Printer @Rs.8500 | Subtotal: Rs.25500 | GST (18%): Rs.4590 | Total: Rs.30090 | Payment Due: 2026-02-05","Printers work fine. Ink cartridges were included as promised. Standard product.",neutral
INV-027,"Invoice No: INV-027 | Date: 2025-12-22 | From: Amazon Business India | To: Kumar IT Solutions, Dehradun | Items: 8x Surge Protector 6-outlet @Rs.900 | Subtotal: Rs.7200 | GST (18%): Rs.1296 | Total: Rs.8496 | Payment Due: 2026-01-22","Surge protectors are well-built and the indicator lights are a nice touch. All our systems are now properly protected. Great value for money.",positive
INV-028,"Invoice No: INV-028 | Date: 2025-06-05 | From: Micromax Distribution | To: Sharma Mobile Store, Guwahati | Items: 10x Micromax Bolt Q381 @Rs.4500 | Subtotal: Rs.45000 | GST (18%): Rs.8100 | Total: Rs.53100 | Payment Due: 2025-07-05","Touchscreens are unresponsive on 3 units. Camera quality is terrible on all of them. Customers are unhappy and demanding refunds.",negative
INV-029,"Invoice No: INV-029 | Date: 2026-02-15 | From: Tata Consultancy Peripherals | To: Ghosh Technologies, Kolkata | Items: 1x Lenovo ThinkPad X1 Carbon @Rs.135000 | Subtotal: Rs.135000 | GST (18%): Rs.24300 | Total: Rs.159300 | Payment Due: 2026-03-15","The ThinkPad X1 is a beast. Build quality is premium, keyboard is best in class, and the display is gorgeous. Tata delivered with excellent packaging.",positive
INV-030,"Invoice No: INV-030 | Date: 2025-09-08 | From: DataServe Technologies | To: Yadav Networking, Lucknow | Items: 1x Firewall Appliance @Rs.45000, 1x Firewall License (1yr) @Rs.12000 | Subtotal: Rs.57000 | GST (18%): Rs.10260 | Total: Rs.67260 | Payment Due: 2025-10-08","Firewall is operational. Setup documentation from DataServe was adequate. Performance monitoring looks normal.",neutral
INV-031,"Invoice No: INV-031 | Date: 2025-11-20 | From: Freshworks Software | To: Kulkarni Enterprises, Pune | Items: 20x Freshsales CRM License (Monthly) @Rs.1500 | Subtotal: Rs.30000 | GST (18%): Rs.5400 | Total: Rs.35400 | Payment Due: 2025-12-20","Freshsales integration with our email was a disaster. Data sync issues everywhere and their tech support took 5 days to respond. Unacceptable for a paid product.",negative
INV-032,"Invoice No: INV-032 | Date: 2025-07-17 | From: CloudMinds India Pvt Ltd | To: Menon Digitals, Kochi | Items: 1x Dedicated Server Setup @Rs.200000 | Subtotal: Rs.200000 | GST (18%): Rs.36000 | Total: Rs.236000 | Payment Due: 2025-08-17","CloudMinds India set up our dedicated server flawlessly. Migration was zero-downtime. Their engineering team is truly skilled.",positive
INV-033,"Invoice No: INV-033 | Date: 2026-03-28 | From: TechNova Solutions Pvt Ltd | To: Jain Computers, Surat | Items: 15x Laptop Charger Universal @Rs.1200 | Subtotal: Rs.18000 | GST (18%): Rs.3240 | Total: Rs.21240 | Payment Due: 2026-04-28","Chargers are compatible with most laptop models as claimed. Packaging was adequate.",neutral
INV-034,"Invoice No: INV-034 | Date: 2025-10-15 | From: Bharat Electronics Ltd | To: Choudhary Hardware, Jodhpur | Items: 6x Walkie Talkie Set @Rs.4500 | Subtotal: Rs.27000 | GST (18%): Rs.4860 | Total: Rs.31860 | Payment Due: 2025-11-15","Walkie talkies have impressive range and clear audio. Battery life lasts the full shift. Our warehouse team loves them.",positive
INV-035,"Invoice No: INV-035 | Date: 2025-08-26 | From: Reliance Digital Wholesale | To: Dubey Electronics, Allahabad | Items: 5x Samsung Galaxy Tab A8 @Rs.16000 | Subtotal: Rs.80000 | GST (18%): Rs.14400 | Total: Rs.94400 | Payment Due: 2025-09-26","One tablet arrived with a cracked screen. Reliance Digital's replacement process is painfully slow. Been waiting 3 weeks now.",negative
INV-036,"Invoice No: INV-036 | Date: 2026-01-18 | From: Flipkart Wholesale | To: Sethi Systems, Amritsar | Items: 30x Type-C Charging Cable 1.5m @Rs.200, 20x Lightning Cable 1m @Rs.350 | Subtotal: Rs.13000 | GST (18%): Rs.2340 | Total: Rs.15340 | Payment Due: 2026-02-18","Cables seem durable. Charging speed is acceptable. Connectors fit properly in all tested devices.",neutral
INV-037,"Invoice No: INV-037 | Date: 2025-12-08 | From: Wipro Peripherals | To: Dutta IT Solutions, Siliguri | Items: 10x Wireless Keyboard-Mouse Combo @Rs.1800 | Subtotal: Rs.18000 | GST (18%): Rs.3240 | Total: Rs.21240 | Payment Due: 2026-01-08","Excellent combos! The wireless range is better than expected and the battery life is outstanding. Wipro has really stepped up their peripheral game.",positive
INV-038,"Invoice No: INV-038 | Date: 2025-06-20 | From: HCL Digital Store | To: Rastogi Systems, Meerut | Items: 2x Brother Laser Printer @Rs.22000 | Subtotal: Rs.44000 | GST (18%): Rs.7920 | Total: Rs.51920 | Payment Due: 2025-07-20","Paper jam issues from day one. The toner cartridge that came with the printer was nearly empty. HCL should test products before shipping.",negative
INV-039,"Invoice No: INV-039 | Date: 2026-02-28 | From: Zoho Enterprise Solutions | To: Nambiar Tech, Calicut | Items: 8x Zoho Projects License (Annual) @Rs.10000 | Subtotal: Rs.80000 | GST (18%): Rs.14400 | Total: Rs.94400 | Payment Due: 2026-03-28","Zoho Projects is intuitive and our project managers adapted to it within a week. The Gantt chart feature is particularly useful. Great value for the price.",positive
INV-040,"Invoice No: INV-040 | Date: 2025-09-18 | From: Amazon Business India | To: Tiwari Office Mart, Varanasi | Items: 5x Desktop Webcam 4K @Rs.5500, 5x Ring Light 10-inch @Rs.1800 | Subtotal: Rs.36500 | GST (18%): Rs.6570 | Total: Rs.43070 | Payment Due: 2025-10-18","Webcam quality is good. Ring lights provide even illumination. Suitable for our video conferencing rooms.",neutral
INV-041,"Invoice No: INV-041 | Date: 2025-11-05 | From: DataServe Technologies | To: Hegde Networks, Mangalore | Items: 2x 48-Port Network Switch @Rs.35000 | Subtotal: Rs.70000 | GST (18%): Rs.12600 | Total: Rs.82600 | Payment Due: 2025-12-05","Switches handle our traffic load perfectly. Zero packet loss during stress testing. DataServe Technologies delivers enterprise-grade equipment.",positive
INV-042,"Invoice No: INV-042 | Date: 2025-07-12 | From: TechNova Solutions Pvt Ltd | To: Bajaj IT Center, Nagpur | Items: 20x Screen Protector Laptop 15.6in @Rs.350 | Subtotal: Rs.7000 | GST (18%): Rs.1260 | Total: Rs.8260 | Payment Due: 2025-08-12","Screen protectors bubble up easily and the adhesive is weak. 8 out of 20 had defects. Not worth the price.",negative
INV-043,"Invoice No: INV-043 | Date: 2026-03-12 | From: Infosys BPO Supplies | To: Mukherjee Infotech, Kolkata | Items: 200x Cable Ties @Rs.5, 50x Cable Management Clips @Rs.25 | Subtotal: Rs.2250 | GST (18%): Rs.405 | Total: Rs.2655 | Payment Due: 2026-04-12","Basic cable management supplies. Everything was as ordered. Functional products.",neutral
INV-044,"Invoice No: INV-044 | Date: 2025-10-22 | From: Flipkart Wholesale | To: Reddy Mobiles, Hyderabad | Items: 8x Samsung Galaxy M34 @Rs.17000 | Subtotal: Rs.136000 | GST (18%): Rs.24480 | Total: Rs.160480 | Payment Due: 2025-11-22","Samsung Galaxy M34 phones are selling like hotcakes! Customers love the camera and battery life. Flipkart packaging was perfect, not a single damaged unit.",positive
INV-045,"Invoice No: INV-045 | Date: 2025-08-08 | From: Bharat Electronics Ltd | To: Soni Security Systems, Jaipur | Items: 4x CCTV Camera Set (4-channel) @Rs.12000 | Subtotal: Rs.48000 | GST (18%): Rs.8640 | Total: Rs.56640 | Payment Due: 2025-09-08","Night vision quality is pathetic. The cameras claim IR range of 30m but barely work at 10m. Bharat Electronics has false advertising on these.",negative
INV-046,"Invoice No: INV-046 | Date: 2026-01-30 | From: Wipro Peripherals | To: Kaur Technologies, Ludhiana | Items: 3x 27-inch 4K Monitor @Rs.28000 | Subtotal: Rs.84000 | GST (18%): Rs.15120 | Total: Rs.99120 | Payment Due: 2026-02-28","Monitors have good color accuracy. The stands are adjustable which is a plus. Image quality meets expectations.",neutral
INV-047,"Invoice No: INV-047 | Date: 2025-12-18 | From: Reliance Digital Wholesale | To: Gupta Computer Centre, Delhi | Items: 10x JBL Bluetooth Speaker @Rs.3500 | Subtotal: Rs.35000 | GST (18%): Rs.6300 | Total: Rs.41300 | Payment Due: 2026-01-18","JBL speakers sound amazing! Bass is deep and the battery lasts 10+ hours. Customers are giving 5-star reviews. Will definitely reorder from Reliance Digital.",positive
INV-048,"Invoice No: INV-048 | Date: 2025-06-30 | From: CloudMinds India Pvt Ltd | To: Shukla IT Consultancy, Bhopal | Items: 1x Cloud Backup Solution (Annual) @Rs.60000 | Subtotal: Rs.60000 | GST (18%): Rs.10800 | Total: Rs.70800 | Payment Due: 2025-07-30","Data restoration failed twice during testing. CloudMinds backup solution is unreliable. We lost 2 days of work trying to recover files. Switching providers immediately.",negative
INV-049,"Invoice No: INV-049 | Date: 2026-02-22 | From: Amazon Business India | To: Bhardwaj Enterprises, Gurgaon | Items: 15x Laptop Bag 15.6in @Rs.1100 | Subtotal: Rs.16500 | GST (18%): Rs.2970 | Total: Rs.19470 | Payment Due: 2026-03-22","Laptop bags are well-padded and have good compartments. Zippers are smooth. Our employees are happy with them.",positive
INV-050,"Invoice No: INV-050 | Date: 2025-09-30 | From: Tata Consultancy Peripherals | To: Arora Systems, Chandigarh | Items: 5x Docking Station USB-C @Rs.6500 | Subtotal: Rs.32500 | GST (18%): Rs.5850 | Total: Rs.38350 | Payment Due: 2025-10-30","Docking stations function as described. USB ports and HDMI output work correctly. No issues reported by users so far.",neutral
INV-051,"Invoice No: INV-051 | Date: 2025-11-08 | From: Freshworks Software | To: Goyal Digital Agency, Mumbai | Items: 5x Freshmarketer License (Annual) @Rs.20000 | Subtotal: Rs.100000 | GST (18%): Rs.18000 | Total: Rs.118000 | Payment Due: 2025-12-08","Freshmarketer's A/B testing and heatmap features have significantly improved our conversion rates. The ROI has been incredible. Best marketing tool we've used.",positive
INV-052,"Invoice No: INV-052 | Date: 2025-07-25 | From: Micromax Distribution | To: Biswas Electronics, Bhubaneswar | Items: 20x Micromax Canvas Spark @Rs.6000 | Subtotal: Rs.120000 | GST (18%): Rs.21600 | Total: Rs.141600 | Payment Due: 2025-08-25","Software updates bricked 4 phones. Micromax customer care is nonexistent. We are stuck with inventory nobody wants to buy.",negative
INV-053,"Invoice No: INV-053 | Date: 2026-03-22 | From: HCL Digital Store | To: Chauhan Office Solutions, Shimla | Items: 5x All-in-One Desktop PC @Rs.35000 | Subtotal: Rs.175000 | GST (18%): Rs.31500 | Total: Rs.206500 | Payment Due: 2026-04-22","Desktops boot up quickly and run office applications smoothly. The all-in-one form factor saves desk space.",neutral
INV-054,"Invoice No: INV-054 | Date: 2025-10-05 | From: DataServe Technologies | To: Patil Networking, Nashik | Items: 1x Structured Cabling Kit @Rs.85000 | Subtotal: Rs.85000 | GST (18%): Rs.15300 | Total: Rs.100300 | Payment Due: 2025-11-05","DataServe Technologies provided a comprehensive cabling kit with clear labeling. Installation manual was detailed and helpful. Excellent quality components throughout.",positive
INV-055,"Invoice No: INV-055 | Date: 2025-08-20 | From: TechNova Solutions Pvt Ltd | To: Mittal Hardware, Agra | Items: 10x External HDD 1TB @Rs.3800 | Subtotal: Rs.38000 | GST (18%): Rs.6840 | Total: Rs.44840 | Payment Due: 2025-09-20","3 hard drives were DOA. TechNova took forever to process the return. Lost sales and customer trust because of this. Very frustrating.",negative
INV-056,"Invoice No: INV-056 | Date: 2026-01-14 | From: Zoho Enterprise Solutions | To: Rathore Digital, Udaipur | Items: 3x Zoho People HR License (Annual) @Rs.12000 | Subtotal: Rs.36000 | GST (18%): Rs.6480 | Total: Rs.42480 | Payment Due: 2026-02-14","Leave management and attendance tracking features in Zoho People are comprehensive. Our HR team is very pleased with the interface.",positive
INV-057,"Invoice No: INV-057 | Date: 2025-12-03 | From: Flipkart Wholesale | To: Sen Electronics, Guwahati | Items: 6x Realme Buds Air 5 @Rs.3200, 6x Boat Rockerz 450 @Rs.1500 | Subtotal: Rs.28200 | GST (18%): Rs.5076 | Total: Rs.33276 | Payment Due: 2026-01-03","Realme Buds have a hissing noise during calls and Boat Rockerz ear cushions peeled off within days. Both brands delivered subpar audio products through Flipkart.",negative
INV-058,"Invoice No: INV-058 | Date: 2025-06-12 | From: Infosys BPO Supplies | To: Trivedi Computers, Vadodara | Items: 20x Thermal Paste Tube @Rs.150, 10x Compressed Air Can @Rs.400 | Subtotal: Rs.7000 | GST (18%): Rs.1260 | Total: Rs.8260 | Payment Due: 2025-07-12","Some thermal paste tubes were partially dried out. The compressed air cans work fine. Mixed experience overall.",negative
INV-059,"Invoice No: INV-059 | Date: 2026-02-05 | From: Bharat Electronics Ltd | To: Pandey Security, Gorakhpur | Items: 8x Biometric Attendance Machine @Rs.8500 | Subtotal: Rs.68000 | GST (18%): Rs.12240 | Total: Rs.80240 | Payment Due: 2026-03-05","Biometric machines are fast and accurate. Fingerprint recognition works even with slightly wet hands. Very satisfied with Bharat Electronics quality.",positive
INV-060,"Invoice No: INV-060 | Date: 2025-09-14 | From: Reliance Digital Wholesale | To: Khanna Computer Mall, Ludhiana | Items: 3x Apple MacBook Air M2 @Rs.99000 | Subtotal: Rs.297000 | GST (18%): Rs.53460 | Total: Rs.350460 | Payment Due: 2025-10-14","MacBooks are genuine and sealed. Delivery was on time. Standard transaction with Reliance Digital.",neutral
INV-061,"Invoice No: INV-061 | Date: 2025-11-25 | From: CloudMinds India Pvt Ltd | To: Nair Cloud Solutions, Trivandrum | Items: 1x Enterprise Email Hosting (Annual) @Rs.90000 | Subtotal: Rs.90000 | GST (18%): Rs.16200 | Total: Rs.106200 | Payment Due: 2025-12-25","Email hosting has been rock solid with zero downtime. Spam filtering is excellent and storage is generous. CloudMinds email service is top-tier.",positive
INV-062,"Invoice No: INV-062 | Date: 2025-07-03 | From: Wipro Peripherals | To: Sawant IT Solutions, Pune | Items: 12x Laptop Cooling Pad @Rs.1500 | Subtotal: Rs.18000 | GST (18%): Rs.3240 | Total: Rs.21240 | Payment Due: 2025-08-03","Cooling pads are noisy and barely reduce temperature. The USB-powered fans are weak. Wipro should redesign these products.",negative
INV-063,"Invoice No: INV-063 | Date: 2026-03-08 | From: Amazon Business India | To: Maheshwari Tech, Indore | Items: 4x Smart Power Strip WiFi @Rs.2200 | Subtotal: Rs.8800 | GST (18%): Rs.1584 | Total: Rs.10384 | Payment Due: 2026-04-08","Smart power strips connect easily to WiFi. The app control is convenient. No issues with the product so far.",neutral
INV-064,"Invoice No: INV-064 | Date: 2025-10-28 | From: HCL Digital Store | To: Rawat Enterprises, Dehradun | Items: 1x Epson EcoTank Printer @Rs.15000, 4x Ink Bottle Set @Rs.800 | Subtotal: Rs.18200 | GST (18%): Rs.3276 | Total: Rs.21476 | Payment Due: 2025-11-28","EcoTank printer is a cost-effective choice. The ink bottles last extremely long. Print quality is consistently good across hundreds of pages. Highly recommend.",positive
INV-065,"Invoice No: INV-065 | Date: 2025-08-15 | From: Tata Consultancy Peripherals | To: Bose Systems, Kolkata | Items: 7x APC UPS 600VA @Rs.3800 | Subtotal: Rs.26600 | GST (18%): Rs.4788 | Total: Rs.31388 | Payment Due: 2025-09-15","Two UPS units arrived with swollen batteries. This is a safety hazard. Tata Consultancy Peripherals must improve their quality checks. Filing a formal complaint.",negative
INV-066,"Invoice No: INV-066 | Date: 2026-01-22 | From: DataServe Technologies | To: Shetty Networks, Mangalore | Items: 5x WiFi 6 Access Point @Rs.8000 | Subtotal: Rs.40000 | GST (18%): Rs.7200 | Total: Rs.47200 | Payment Due: 2026-02-22","WiFi 6 access points provide excellent coverage. Our office WiFi speed improved by 3x after deployment. DataServe recommended the perfect configuration for our space.",positive
INV-067,"Invoice No: INV-067 | Date: 2025-12-28 | From: TechNova Solutions Pvt Ltd | To: Awasthi Electronics, Allahabad | Items: 25x Phone Case Universal @Rs.250 | Subtotal: Rs.6250 | GST (18%): Rs.1125 | Total: Rs.7375 | Payment Due: 2026-01-28","Phone cases are standard quality. The fit is decent for most phone models. Pricing is competitive.",neutral
INV-068,"Invoice No: INV-068 | Date: 2025-06-18 | From: Flipkart Wholesale | To: Venkatesh Electronics, Bangalore | Items: 4x Dell 24-inch Monitor @Rs.14000 | Subtotal: Rs.56000 | GST (18%): Rs.10080 | Total: Rs.66080 | Payment Due: 2025-07-18","Dell monitors have excellent display quality and the thin bezels look great in our multi-monitor setup. Flipkart Wholesale had the best bulk pricing we found.",positive
INV-069,"Invoice No: INV-069 | Date: 2026-02-18 | From: Micromax Distribution | To: Roy Electronics, Patna | Items: 15x Micromax TWS Earbuds @Rs.1200 | Subtotal: Rs.18000 | GST (18%): Rs.3240 | Total: Rs.21240 | Payment Due: 2026-03-18","Audio quality is mediocre at best. Bluetooth keeps disconnecting after 5 minutes. Micromax earbuds are not worth even Rs.500.",negative
INV-070,"Invoice No: INV-070 | Date: 2025-09-22 | From: Zoho Enterprise Solutions | To: Ganesh IT Park, Chennai | Items: 12x Zoho Mail License (Annual) @Rs.3000 | Subtotal: Rs.36000 | GST (18%): Rs.6480 | Total: Rs.42480 | Payment Due: 2025-10-22","Zoho Mail is clean, ad-free, and integrates well with other Zoho apps. Migration from Gmail was surprisingly smooth. Our team adapted quickly.",positive
INV-071,"Invoice No: INV-071 | Date: 2025-11-12 | From: Bharat Electronics Ltd | To: Dixit Hardware, Gwalior | Items: 3x Voltage Stabilizer 5KVA @Rs.8000 | Subtotal: Rs.24000 | GST (18%): Rs.4320 | Total: Rs.28320 | Payment Due: 2025-12-12","Stabilizers are functioning. Output voltage stays within acceptable range. Build quality appears reasonable.",neutral
INV-072,"Invoice No: INV-072 | Date: 2025-07-20 | From: Reliance Digital Wholesale | To: Bhatia Tech Mart, Delhi | Items: 6x Sony WH-1000XM5 Headphones @Rs.24000 | Subtotal: Rs.144000 | GST (18%): Rs.25920 | Total: Rs.169920 | Payment Due: 2025-08-20","Three pairs had defective noise cancellation. Sony products through Reliance Digital channel seem to have quality control issues. Very disappointed for premium priced items.",negative
INV-073,"Invoice No: INV-073 | Date: 2026-03-15 | From: Freshworks Software | To: Madhav Enterprises, Ahmedabad | Items: 15x Freshservice ITSM License (Monthly) @Rs.2000 | Subtotal: Rs.30000 | GST (18%): Rs.5400 | Total: Rs.35400 | Payment Due: 2026-04-15","Freshservice has streamlined our IT ticketing system beautifully. The automated workflows save us hours every week. Support team is responsive and knowledgeable.",positive
INV-074,"Invoice No: INV-074 | Date: 2025-10-10 | From: CloudMinds India Pvt Ltd | To: Varma IT Services, Vizag | Items: 1x SSL Certificate Wildcard (2yr) @Rs.25000 | Subtotal: Rs.25000 | GST (18%): Rs.4500 | Total: Rs.29500 | Payment Due: 2025-11-10","SSL certificate installation was straightforward. CloudMinds provided clear instructions. Certificate is recognized by all major browsers.",neutral
INV-075,"Invoice No: INV-075 | Date: 2025-08-28 | From: Amazon Business India | To: Garg Computer World, Bareilly | Items: 10x Wireless Charger Pad @Rs.1200 | Subtotal: Rs.12000 | GST (18%): Rs.2160 | Total: Rs.14160 | Payment Due: 2025-09-28","Wireless chargers work great with all Qi-compatible phones. Charging speed is decent and the LED indicator is subtle. Customers love them.",positive
INV-076,"Invoice No: INV-076 | Date: 2026-01-08 | From: Wipro Peripherals | To: Negi Computer Bazaar, Dehradun | Items: 4x Gaming Mouse RGB @Rs.2500 | Subtotal: Rs.10000 | GST (18%): Rs.1800 | Total: Rs.11800 | Payment Due: 2026-02-08","The DPI switch stopped working on 2 mice within a month. Left click also feels mushy. Wipro gaming peripherals are not up to the mark.",negative
INV-077,"Invoice No: INV-077 | Date: 2025-12-10 | From: HCL Digital Store | To: Majumdar IT, Kolkata | Items: 2x HP Color LaserJet @Rs.32000 | Subtotal: Rs.64000 | GST (18%): Rs.11520 | Total: Rs.75520 | Payment Due: 2026-01-10","Color laser printers produce vibrant output. Speed is impressive for the price range. HCL's warranty registration was simple and quick.",positive
INV-078,"Invoice No: INV-078 | Date: 2025-06-25 | From: DataServe Technologies | To: Chand IT Hub, Ranchi | Items: 3x PoE Switch 8-port @Rs.5500 | Subtotal: Rs.16500 | GST (18%): Rs.2970 | Total: Rs.19470 | Payment Due: 2025-07-25","PoE switches deliver consistent power to our IP cameras. Port indicators are clear. Functional network equipment.",neutral
INV-079,"Invoice No: INV-079 | Date: 2026-02-12 | From: TechNova Solutions Pvt Ltd | To: Shrivastava Systems, Jabalpur | Items: 6x Portable SSD 500GB @Rs.4200 | Subtotal: Rs.25200 | GST (18%): Rs.4536 | Total: Rs.29736 | Payment Due: 2026-03-12","Transfer speeds are nowhere near what was advertised. TechNova listed 500MB/s but we're getting 150MB/s at best. Misleading product specifications.",negative
INV-080,"Invoice No: INV-080 | Date: 2025-09-05 | From: Flipkart Wholesale | To: Naidu Electronics, Vijayawada | Items: 20x Tempered Glass Screen Guard @Rs.150, 20x Silicone Phone Cover @Rs.200 | Subtotal: Rs.7000 | GST (18%): Rs.1260 | Total: Rs.8260 | Payment Due: 2025-10-05","Phone accessories are good quality for the price. Screen guards apply cleanly without bubbles. Good margin products for our shop.",positive
INV-081,"Invoice No: INV-081 | Date: 2025-11-18 | From: Infosys BPO Supplies | To: Thapa Office World, Darjeeling | Items: 30x Whiteboard Marker Set @Rs.120, 10x Desk Organizer @Rs.500 | Subtotal: Rs.8600 | GST (18%): Rs.1548 | Total: Rs.10148 | Payment Due: 2025-12-18","Markers dry out quickly. Desk organizers are flimsy plastic. Expected better quality from Infosys BPO Supplies at these prices.",negative
INV-082,"Invoice No: INV-082 | Date: 2025-07-10 | From: Zoho Enterprise Solutions | To: Chawla Industries, Ludhiana | Items: 6x Zoho Inventory License (Annual) @Rs.9000 | Subtotal: Rs.54000 | GST (18%): Rs.9720 | Total: Rs.63720 | Payment Due: 2025-08-10","Zoho Inventory's barcode scanning feature is exceptional. Stock management has never been this easy. The reorder alerts have saved us from stockouts multiple times.",positive
INV-083,"Invoice No: INV-083 | Date: 2026-03-02 | From: Bharat Electronics Ltd | To: Ahmed Electronics, Hyderabad | Items: 5x Digital Multimeter @Rs.2500 | Subtotal: Rs.12500 | GST (18%): Rs.2250 | Total: Rs.14750 | Payment Due: 2026-04-02","Multimeters are accurate and easy to read. Standard tools that work as expected.",neutral
INV-084,"Invoice No: INV-084 | Date: 2025-10-20 | From: Reliance Digital Wholesale | To: Saini Tech World, Faridabad | Items: 8x TP-Link WiFi Router @Rs.2500 | Subtotal: Rs.20000 | GST (18%): Rs.3600 | Total: Rs.23600 | Payment Due: 2025-11-20","Routers are easy to set up and the WiFi range covers our entire office floor. Signal strength remains strong even through walls. Great purchase.",positive
INV-085,"Invoice No: INV-085 | Date: 2025-08-02 | From: Tata Consultancy Peripherals | To: Jha Computer Emporium, Patna | Items: 3x Lenovo IdeaPad Slim 3 @Rs.38000 | Subtotal: Rs.114000 | GST (18%): Rs.20520 | Total: Rs.134520 | Payment Due: 2025-09-02","Trackpad on one laptop is unresponsive in the corners. Customer complained within a day. Tata Consultancy Peripherals took 2 weeks to acknowledge the issue.",negative
INV-086,"Invoice No: INV-086 | Date: 2026-01-28 | From: CloudMinds India Pvt Ltd | To: Iyer Web Solutions, Coimbatore | Items: 1x Domain Registration (5yr) @Rs.5000, 1x Web Hosting (Annual) @Rs.8000 | Subtotal: Rs.13000 | GST (18%): Rs.2340 | Total: Rs.15340 | Payment Due: 2026-02-28","Domain registration was instant and hosting setup took under an hour. cPanel interface is user-friendly.",neutral
INV-087,"Invoice No: INV-087 | Date: 2025-12-15 | From: Amazon Business India | To: Puri Electronics, Cuttack | Items: 12x LED Desk Lamp USB @Rs.800 | Subtotal: Rs.9600 | GST (18%): Rs.1728 | Total: Rs.11328 | Payment Due: 2026-01-15","LED lamps have adjustable brightness which our staff really appreciates. The USB power feature means no extra cables cluttering desks. Smart design and good value.",positive
INV-088,"Invoice No: INV-088 | Date: 2025-06-08 | From: Flipkart Wholesale | To: Mehra Digital Zone, Jalandhar | Items: 5x HP Pavilion Desktop @Rs.45000 | Subtotal: Rs.225000 | GST (18%): Rs.40500 | Total: Rs.265500 | Payment Due: 2025-07-08","One desktop had a faulty graphics card and another had RAM issues. Flipkart Wholesale's bulk orders seem to have poor quality screening.",negative
INV-089,"Invoice No: INV-089 | Date: 2026-02-25 | From: Freshworks Software | To: Hegde Analytics, Bangalore | Items: 8x Freshping Monitoring License (Annual) @Rs.5000 | Subtotal: Rs.40000 | GST (18%): Rs.7200 | Total: Rs.47200 | Payment Due: 2026-03-25","Freshping alerts are instant when our services go down. The uptime reports are clean and easy to share with stakeholders. Reliable monitoring solution.",positive
INV-090,"Invoice No: INV-090 | Date: 2025-09-28 | From: DataServe Technologies | To: Lal IT Infrastructure, Raipur | Items: 1x Server Tower Configuration @Rs.175000 | Subtotal: Rs.175000 | GST (18%): Rs.31500 | Total: Rs.206500 | Payment Due: 2025-10-28","Server is running stable. Performance benchmarks match the quoted specifications. Standard enterprise hardware.",neutral
INV-091,"Invoice No: INV-091 | Date: 2025-11-30 | From: Wipro Peripherals | To: Khatri Computer Palace, Udaipur | Items: 8x Webcam Full HD @Rs.2200 | Subtotal: Rs.17600 | GST (18%): Rs.3168 | Total: Rs.20768 | Payment Due: 2025-12-30","Webcam image quality is crisp and the auto-focus works reliably. Clip mount fits all our monitors perfectly. Wipro has a winner with this product line.",positive
INV-092,"Invoice No: INV-092 | Date: 2025-07-28 | From: HCL Digital Store | To: Prasad Electronics, Vizag | Items: 3x Scanner Flatbed A4 @Rs.9000 | Subtotal: Rs.27000 | GST (18%): Rs.4860 | Total: Rs.31860 | Payment Due: 2025-08-28","Scanning speed is painfully slow. Each page takes 30+ seconds. The software interface looks like it hasn't been updated since 2010. Not worth Rs.9000.",negative
INV-093,"Invoice No: INV-093 | Date: 2026-03-25 | From: TechNova Solutions Pvt Ltd | To: Chauhan Computer Mart, Meerut | Items: 15x Mouse Pad XL @Rs.400, 15x Wrist Rest @Rs.350 | Subtotal: Rs.11250 | GST (18%): Rs.2025 | Total: Rs.13275 | Payment Due: 2026-04-25","Mouse pads and wrist rests are of reasonable quality. The stitched edges on the mouse pads are a nice detail. Adequate for office use.",neutral
INV-094,"Invoice No: INV-094 | Date: 2025-10-12 | From: Zoho Enterprise Solutions | To: Sood Digital Services, Shimla | Items: 4x Zoho Desk License (Annual) @Rs.14000 | Subtotal: Rs.56000 | GST (18%): Rs.10080 | Total: Rs.66080 | Payment Due: 2025-11-12","Zoho Desk has dramatically reduced our average ticket response time from 4 hours to 45 minutes. The knowledge base feature cut repeat queries by 60%. Outstanding platform.",positive
INV-095,"Invoice No: INV-095 | Date: 2025-08-18 | From: Bharat Electronics Ltd | To: Chakraborty Systems, Siliguri | Items: 6x Soldering Station @Rs.3500 | Subtotal: Rs.21000 | GST (18%): Rs.3780 | Total: Rs.24780 | Payment Due: 2025-09-18","Temperature control is inaccurate. Display shows 350C but actual tip temperature is around 300C. Bharat Electronics needs better calibration.",negative
INV-096,"Invoice No: INV-096 | Date: 2026-01-15 | From: Reliance Digital Wholesale | To: Talwar Gadgets, Chandigarh | Items: 10x Mi Power Bank 10000mAh @Rs.1000 | Subtotal: Rs.10000 | GST (18%): Rs.1800 | Total: Rs.11800 | Payment Due: 2026-02-15","Mi power banks arrived with scratched casings and 3 units won't charge at all. Reliance Digital sent refurbished products as new. Unethical business practice.",negative
INV-097,"Invoice No: INV-097 | Date: 2025-12-05 | From: Micromax Distribution | To: Dubey Mobiles, Varanasi | Items: 30x Micromax Screen Protector @Rs.100 | Subtotal: Rs.3000 | GST (18%): Rs.540 | Total: Rs.3540 | Payment Due: 2026-01-05","Screen protectors are basic. They fit Micromax phone models adequately. Nothing special but functional for the price.",neutral
INV-098,"Invoice No: INV-098 | Date: 2025-06-22 | From: Infosys BPO Supplies | To: Mani Office Products, Coimbatore | Items: 50x Ballpoint Pen Set @Rs.80, 20x A4 Paper Ream @Rs.250 | Subtotal: Rs.9000 | GST (18%): Rs.1620 | Total: Rs.10620 | Payment Due: 2025-07-22","Pens run out of ink within 2 days and the paper jams our printers constantly. Infosys BPO Supplies sent us defective stationery. Complete waste of Rs.9000.",negative
INV-099,"Invoice No: INV-099 | Date: 2026-02-02 | From: Amazon Business India | To: Dhawan IT Solutions, Noida | Items: 3x 34-inch Ultrawide Monitor @Rs.38000 | Subtotal: Rs.114000 | GST (18%): Rs.20520 | Total: Rs.134520 | Payment Due: 2026-03-02","One monitor had severe backlight bleed in the corners. Amazon replacement process was smooth but it shouldn't happen with premium monitors. Docking marks on the second unit too.",negative
INV-100,"Invoice No: INV-100 | Date: 2025-09-15 | From: Tata Consultancy Peripherals | To: Kohli Enterprises, Delhi | Items: 20x Cat6a Ethernet Cable 2m @Rs.200 | Subtotal: Rs.4000 | GST (18%): Rs.720 | Total: Rs.4720 | Payment Due: 2025-10-15","Ethernet cables are well-shielded and connectors fit snugly. Speed tests confirm Cat6a performance. Will order more for our next floor expansion.",positive
INV-101,"Invoice No: INV-101 | Date: 2025-11-22 | From: CloudMinds India Pvt Ltd | To: Menon Software Labs, Kochi | Items: 1x VPS Hosting (Annual) @Rs.48000, 1x CDN Service (Annual) @Rs.24000 | Subtotal: Rs.72000 | GST (18%): Rs.12960 | Total: Rs.84960 | Payment Due: 2025-12-22","VPS performance is consistent and CDN has reduced our page load times by 40%. CloudMinds India technical team provided excellent optimization recommendations.",positive
INV-102,"Invoice No: INV-102 | Date: 2025-07-15 | From: DataServe Technologies | To: Gill IT Center, Amritsar | Items: 2x NAS Storage 4-bay @Rs.28000 | Subtotal: Rs.56000 | GST (18%): Rs.10080 | Total: Rs.66080 | Payment Due: 2025-08-15","NAS units are operational. RAID setup was straightforward using the included guide. Storage capacity meets our current needs.",neutral
INV-103,"Invoice No: INV-103 | Date: 2026-03-30 | From: Flipkart Wholesale | To: Mishra Gadget Store, Lucknow | Items: 10x Boat Airdopes 141 @Rs.1100, 10x OnePlus Bullets Z2 @Rs.1800 | Subtotal: Rs.29000 | GST (18%): Rs.5220 | Total: Rs.34220 | Payment Due: 2026-04-30","Boat Airdopes have terrible bass distortion and OnePlus Bullets disconnect randomly. Flipkart Wholesale needs better quality checks on audio products. Multiple customer returns.",negative
INV-104,"Invoice No: INV-104 | Date: 2025-10-25 | From: TechNova Solutions Pvt Ltd | To: Sharma Technologies, Jaipur | Items: 5x Laptop RAM 8GB DDR4 @Rs.2200 | Subtotal: Rs.11000 | GST (18%): Rs.1980 | Total: Rs.12980 | Payment Due: 2025-11-25","Two RAM sticks were incompatible with Dell laptops despite being listed as compatible. TechNova's product descriptions need to be more accurate.",negative
INV-105,"Invoice No: INV-105 | Date: 2025-08-10 | From: Wipro Peripherals | To: Nanda Digital World, Dehradun | Items: 6x Bluetooth Speaker Portable @Rs.2000 | Subtotal: Rs.12000 | GST (18%): Rs.2160 | Total: Rs.14160 | Payment Due: 2025-09-10","Speaker volume is embarrassingly low and Bluetooth range is barely 2 meters. Wipro Peripherals portable speakers are a total letdown at Rs.2000 each. Not worth Rs.500.",negative
INV-106,"Invoice No: INV-106 | Date: 2026-01-20 | From: HCL Digital Store | To: Bajpai Office Solutions, Kanpur | Items: 4x Ricoh Photocopier @Rs.45000 | Subtotal: Rs.180000 | GST (18%): Rs.32400 | Total: Rs.212400 | Payment Due: 2026-02-20","Photocopiers handle high-volume copying without jamming. Double-sided printing saves paper. HCL Digital Store included free installation which was a great touch.",positive
INV-107,"Invoice No: INV-107 | Date: 2025-12-20 | From: Reliance Digital Wholesale | To: Kamath Electronics, Mangalore | Items: 4x Apple iPad 10th Gen @Rs.38000 | Subtotal: Rs.152000 | GST (18%): Rs.27360 | Total: Rs.179360 | Payment Due: 2026-01-20","Delivery was delayed by 10 days with no communication from Reliance Digital. When the iPads finally arrived, one box was clearly opened and resealed. Trust is broken.",negative
INV-108,"Invoice No: INV-108 | Date: 2025-06-15 | From: Zoho Enterprise Solutions | To: Deshpande IT, Pune | Items: 10x Zoho Analytics License (Annual) @Rs.11000 | Subtotal: Rs.110000 | GST (18%): Rs.19800 | Total: Rs.129800 | Payment Due: 2025-07-15","Zoho Analytics dashboards are visually appealing and the drag-and-drop report builder is intuitive. Data import from multiple sources works seamlessly. Best BI tool for Indian SMEs.",positive
INV-109,"Invoice No: INV-109 | Date: 2026-02-08 | From: Bharat Electronics Ltd | To: Tiwari Hardware Store, Varanasi | Items: 10x Extension Board 6-socket @Rs.600 | Subtotal: Rs.6000 | GST (18%): Rs.1080 | Total: Rs.7080 | Payment Due: 2026-03-08","Extension boards look sturdy and the switches have good tactile feedback. Individual socket switches are a useful feature.",neutral
INV-110,"Invoice No: INV-110 | Date: 2025-09-20 | From: Freshworks Software | To: Pai Tech Solutions, Bangalore | Items: 5x Freshchat License (Annual) @Rs.8000 | Subtotal: Rs.40000 | GST (18%): Rs.7200 | Total: Rs.47200 | Payment Due: 2025-10-20","Freshchat's chatbot builder is powerful yet simple. Our customer query resolution time dropped significantly. The WhatsApp integration is a game-changer for Indian customers.",positive
INV-111,"Invoice No: INV-111 | Date: 2025-11-10 | From: Amazon Business India | To: Saxena Office Hub, Agra | Items: 8x Adjustable Monitor Arm @Rs.3500 | Subtotal: Rs.28000 | GST (18%): Rs.5040 | Total: Rs.33040 | Payment Due: 2025-12-10","Monitor arms are wobbly even after tightening all bolts. The clamp mechanism scratched our desks. Cheap construction disguised as premium pricing.",negative
INV-112,"Invoice No: INV-112 | Date: 2025-07-05 | From: TechNova Solutions Pvt Ltd | To: Gogoi Electronics, Guwahati | Items: 3x Graphics Card GTX 1650 @Rs.14000 | Subtotal: Rs.42000 | GST (18%): Rs.7560 | Total: Rs.49560 | Payment Due: 2025-08-05","Graphics cards perform well for 1080p gaming and light rendering. Fan noise is minimal. TechNova Solutions had the best price we could find for these.",positive
INV-113,"Invoice No: INV-113 | Date: 2026-03-20 | From: Infosys BPO Supplies | To: Bhatt Office Depot, Surat | Items: 40x File Folder Set @Rs.60, 20x Stapler Heavy Duty @Rs.350 | Subtotal: Rs.9400 | GST (18%): Rs.1692 | Total: Rs.11092 | Payment Due: 2026-04-20","Office supplies are standard quality. Folders are sturdy enough for daily use. Staplers work smoothly.",neutral
INV-114,"Invoice No: INV-114 | Date: 2025-10-08 | From: Flipkart Wholesale | To: Anand Mobile Hub, Ahmedabad | Items: 6x iPhone 15 128GB @Rs.72000 | Subtotal: Rs.432000 | GST (18%): Rs.77760 | Total: Rs.509760 | Payment Due: 2025-11-08","All iPhones were sealed and genuine. Our customers are very happy with the purchase experience. Flipkart Wholesale is our preferred supplier for Apple products.",positive
INV-115,"Invoice No: INV-115 | Date: 2025-08-25 | From: CloudMinds India Pvt Ltd | To: Das Web Agency, Kolkata | Items: 1x Managed WordPress Hosting (Annual) @Rs.30000 | Subtotal: Rs.30000 | GST (18%): Rs.5400 | Total: Rs.35400 | Payment Due: 2025-09-25","WordPress site crashed 4 times in the first month. CloudMinds blamed plugins but the issue was clearly server-side. Their managed hosting is anything but managed.",negative
INV-116,"Invoice No: INV-116 | Date: 2026-01-12 | From: DataServe Technologies | To: Reddy Data Center, Hyderabad | Items: 10x SFP+ Module 10G @Rs.3500 | Subtotal: Rs.35000 | GST (18%): Rs.6300 | Total: Rs.41300 | Payment Due: 2026-02-12","SFP+ modules are compatible with our Cisco switches and perform at full 10G speed. No compatibility issues encountered. Reliable network components from DataServe.",positive
INV-117,"Invoice No: INV-117 | Date: 2025-12-25 | From: Wipro Peripherals | To: Pandit Computers, Varanasi | Items: 10x USB Hub 4-port @Rs.600 | Subtotal: Rs.6000 | GST (18%): Rs.1080 | Total: Rs.7080 | Payment Due: 2026-01-25","USB hubs overheat when all 4 ports are in use. Two units stopped recognizing devices after a week. Wipro Peripherals USB hubs are a fire risk. Returned the entire lot.",negative
INV-118,"Invoice No: INV-118 | Date: 2025-06-28 | From: HCL Digital Store | To: Rajput IT Solutions, Jodhpur | Items: 2x Xerox WorkCentre @Rs.55000 | Subtotal: Rs.110000 | GST (18%): Rs.19800 | Total: Rs.129800 | Payment Due: 2025-07-28","Xerox machines handle our heavy printing needs effortlessly. The scan-to-email feature is a time saver. HCL Digital Store's installation team was professional and thorough.",positive
INV-119,"Invoice No: INV-119 | Date: 2026-02-15 | From: Reliance Digital Wholesale | To: Malik Electronics, Gurgaon | Items: 5x Google Pixel 8a @Rs.42000 | Subtotal: Rs.210000 | GST (18%): Rs.37800 | Total: Rs.247800 | Payment Due: 2026-03-15","Two phones had display issues with green tint at low brightness. Reliance Digital's warranty claim process is cumbersome and slow. Frustrating experience with premium phones.",negative
INV-120,"Invoice No: INV-120 | Date: 2025-09-10 | From: Tata Consultancy Peripherals | To: Sinha Tech Mart, Ranchi | Items: 5x Webcam Ring Light Combo @Rs.3000 | Subtotal: Rs.15000 | GST (18%): Rs.2700 | Total: Rs.17700 | Payment Due: 2025-10-10","Webcam and ring light combo provides good video quality for virtual meetings. Light temperature is adjustable which is convenient.",neutral
INV-121,"Invoice No: INV-121 | Date: 2025-11-28 | From: Zoho Enterprise Solutions | To: Sharma Digital Marketing, Delhi | Items: 7x Zoho Social License (Annual) @Rs.6000 | Subtotal: Rs.42000 | GST (18%): Rs.7560 | Total: Rs.49560 | Payment Due: 2025-12-28","Zoho Social scheduling feature has made our social media management effortless. Analytics help us understand what content resonates. Well worth the investment.",positive
INV-122,"Invoice No: INV-122 | Date: 2025-07-22 | From: Micromax Distribution | To: Pal Mobile World, Kolkata | Items: 15x Micromax Headphones Wired @Rs.300 | Subtotal: Rs.4500 | GST (18%): Rs.810 | Total: Rs.5310 | Payment Due: 2025-08-22","Sound quality is tinny and the cable breaks easily near the jack. 6 out of 15 pairs were returned by customers. Micromax headphones are disposable at best.",negative
INV-123,"Invoice No: INV-123 | Date: 2026-03-10 | From: Amazon Business India | To: Trivedi Systems, Vadodara | Items: 6x Standing Desk Converter @Rs.8000 | Subtotal: Rs.48000 | GST (18%): Rs.8640 | Total: Rs.56640 | Payment Due: 2026-04-10","Standing desk converters have a smooth height adjustment mechanism. Surface area is sufficient for dual monitor setups. Build quality is solid.",neutral
INV-124,"Invoice No: INV-124 | Date: 2025-10-18 | From: Bharat Electronics Ltd | To: Shukla Power Solutions, Bhopal | Items: 4x Solar Charge Controller @Rs.5000 | Subtotal: Rs.20000 | GST (18%): Rs.3600 | Total: Rs.23600 | Payment Due: 2025-11-18","Bharat Electronics solar charge controllers are robust and handle our 12V panel setup perfectly. LCD display shows clear real-time data. Made in India and proud of it!",positive
INV-125,"Invoice No: INV-125 | Date: 2025-08-12 | From: TechNova Solutions Pvt Ltd | To: Verma Computer Gallery, Lucknow | Items: 4x Laptop Battery Replacement @Rs.3500 | Subtotal: Rs.14000 | GST (18%): Rs.2520 | Total: Rs.16520 | Payment Due: 2025-09-12","Batteries don't hold charge for more than 2 hours. These are supposed to be OEM equivalents but they're clearly cheap knock-offs. TechNova is selling counterfeit products.",negative
INV-126,"Invoice No: INV-126 | Date: 2026-01-25 | From: Flipkart Wholesale | To: Khandelwal Electronics, Jaipur | Items: 8x Fire TV Stick 4K @Rs.3500 | Subtotal: Rs.28000 | GST (18%): Rs.5040 | Total: Rs.33040 | Payment Due: 2026-02-25","Fire TV Sticks keep buffering even on 100Mbps connection. 2 units overheat and shut down during streaming. Flipkart Wholesale sent us a bad batch.",negative
INV-127,"Invoice No: INV-127 | Date: 2025-12-12 | From: Freshworks Software | To: Mohan CRM Solutions, Chennai | Items: 12x Freshsales Suite License (Monthly) @Rs.2500 | Subtotal: Rs.30000 | GST (18%): Rs.5400 | Total: Rs.35400 | Payment Due: 2026-01-12","Interface is clean but the mobile app crashes frequently. Data sometimes doesn't sync between desktop and mobile versions. Freshworks needs to fix this urgently.",negative
INV-128,"Invoice No: INV-128 | Date: 2025-06-10 | From: CloudMinds India Pvt Ltd | To: George IT Consulting, Kochi | Items: 1x Disaster Recovery Plan Setup @Rs.150000 | Subtotal: Rs.150000 | GST (18%): Rs.27000 | Total: Rs.177000 | Payment Due: 2025-07-10","CloudMinds India DR plan has been tested and works flawlessly. RTO and RPO are within our requirements. Their team conducted a thorough risk assessment before implementation.",positive
INV-129,"Invoice No: INV-129 | Date: 2026-02-20 | From: DataServe Technologies | To: Acharya Networks, Pune | Items: 3x Patch Panel 24-port @Rs.3000, 3x Cable Tray 2m @Rs.1500 | Subtotal: Rs.13500 | GST (18%): Rs.2430 | Total: Rs.15930 | Payment Due: 2026-03-20","Patch panels and cable trays are standard quality. Installation was straightforward. Server room looks organized now.",neutral
INV-130,"Invoice No: INV-130 | Date: 2025-09-25 | From: Wipro Peripherals | To: Mandal IT Center, Bhubaneswar | Items: 5x Document Scanner Portable @Rs.7000 | Subtotal: Rs.35000 | GST (18%): Rs.6300 | Total: Rs.41300 | Payment Due: 2025-10-25","Portable scanners are compact and scan quality is surprisingly good at 600dpi. Our field team uses them daily. Battery lasts a full workday. Great product from Wipro.",positive
INV-131,"Invoice No: INV-131 | Date: 2025-11-15 | From: HCL Digital Store | To: Saxena Printers, Kanpur | Items: 20x Toner Cartridge Compatible @Rs.1200 | Subtotal: Rs.24000 | GST (18%): Rs.4320 | Total: Rs.28320 | Payment Due: 2025-12-15","Half the toner cartridges leaked inside the printer. Caused damage to two printer drums. HCL's compatible toners are garbage and ended up costing us more in repairs.",negative
INV-132,"Invoice No: INV-132 | Date: 2025-07-30 | From: Tata Consultancy Peripherals | To: Bansal Computers, Delhi | Items: 4x HP Laptop Charger 65W @Rs.1800 | Subtotal: Rs.7200 | GST (18%): Rs.1296 | Total: Rs.8496 | Payment Due: 2025-08-30","Chargers are genuine HP branded. Wattage output is consistent. Compatible with the laptop models specified.",neutral
INV-133,"Invoice No: INV-133 | Date: 2026-03-05 | From: Zoho Enterprise Solutions | To: Rajan Web Services, Trivandrum | Items: 5x Zoho Creator License (Annual) @Rs.16000 | Subtotal: Rs.80000 | GST (18%): Rs.14400 | Total: Rs.94400 | Payment Due: 2026-04-05","Zoho Creator allowed us to build a custom CRM in just 2 days without any coding. The drag-and-drop interface is brilliant. Our non-technical team can now create their own workflows.",positive
INV-134,"Invoice No: INV-134 | Date: 2025-10-02 | From: Infosys BPO Supplies | To: Gupta Stationery, Allahabad | Items: 100x Printed Letterhead @Rs.8, 50x Business Card Pack @Rs.150 | Subtotal: Rs.8300 | GST (18%): Rs.1494 | Total: Rs.9794 | Payment Due: 2025-11-02","Letterhead printing was misaligned on half the batch. Business card colors don't match the design file we sent. Infosys BPO Supplies has poor quality control.",negative
INV-135,"Invoice No: INV-135 | Date: 2025-08-22 | From: Amazon Business India | To: Singhal Tech Bazaar, Noida | Items: 10x Laptop Privacy Screen 14in @Rs.1500 | Subtotal: Rs.15000 | GST (18%): Rs.2700 | Total: Rs.17700 | Payment Due: 2025-09-22","Privacy screens distort colors significantly and reduce brightness too much. Employees removed them within a day. Rs.15000 wasted.",negative
INV-136,"Invoice No: INV-136 | Date: 2026-01-05 | From: Bharat Electronics Ltd | To: Yadav Electronics Hub, Gorakhpur | Items: 8x LED Flashlight Rechargeable @Rs.800, 4x Emergency Light @Rs.1500 | Subtotal: Rs.12400 | GST (18%): Rs.2232 | Total: Rs.14632 | Payment Due: 2026-02-05","Flashlights are bright and the rechargeable feature saves on battery costs. Emergency lights activate instantly during power cuts. Good safety equipment from Bharat Electronics.",positive
INV-137,"Invoice No: INV-137 | Date: 2025-12-30 | From: Reliance Digital Wholesale | To: Kapoor Gadgets, Mumbai | Items: 3x Samsung Galaxy Watch 6 @Rs.28000 | Subtotal: Rs.84000 | GST (18%): Rs.15120 | Total: Rs.99120 | Payment Due: 2026-01-30","Watches are sealed and authentic. Standard Reliance Digital Wholesale transaction. Customers seem satisfied with the product.",neutral
INV-138,"Invoice No: INV-138 | Date: 2025-06-05 | From: Flipkart Wholesale | To: Thakkar Mobile Point, Rajkot | Items: 15x Realme Narzo 60x @Rs.11000 | Subtotal: Rs.165000 | GST (18%): Rs.29700 | Total: Rs.194700 | Payment Due: 2025-07-05","Heating issues on 4 units during charging. Customers have complained about the phone getting uncomfortably hot. Flipkart needs to address this batch quality issue.",negative
INV-139,"Invoice No: INV-139 | Date: 2026-02-28 | From: TechNova Solutions Pvt Ltd | To: Dhillon IT Services, Chandigarh | Items: 3x NVMe SSD 1TB @Rs.7000, 3x SATA SSD 500GB @Rs.3200 | Subtotal: Rs.30600 | GST (18%): Rs.5508 | Total: Rs.36108 | Payment Due: 2026-03-28","NVMe drives are blazing fast and the SATA SSDs are reliable. TechNova Solutions shipped them with anti-static packaging. All drives tested perfectly.",positive
INV-140,"Invoice No: INV-140 | Date: 2025-09-12 | From: DataServe Technologies | To: Pillai IT Infrastructure, Kochi | Items: 1x Rack Mount UPS 3KVA @Rs.65000 | Subtotal: Rs.65000 | GST (18%): Rs.11700 | Total: Rs.76700 | Payment Due: 2025-10-12","Rack mount UPS provides adequate backup for our server rack. Battery monitoring via the management card works well.",neutral
INV-141,"Invoice No: INV-141 | Date: 2025-11-05 | From: Wipro Peripherals | To: Joshi Electronics, Pune | Items: 15x USB-C to USB-A Adapter @Rs.300 | Subtotal: Rs.4500 | GST (18%): Rs.810 | Total: Rs.5310 | Payment Due: 2025-12-05","5 adapters had loose connections and kept disconnecting. For a simple adapter, Wipro Peripherals managed to produce something unreliable. Requesting refund.",negative
INV-142,"Invoice No: INV-142 | Date: 2025-07-18 | From: HCL Digital Store | To: Mohanty Systems, Bhubaneswar | Items: 1x HP DesignJet Plotter @Rs.125000 | Subtotal: Rs.125000 | GST (18%): Rs.22500 | Total: Rs.147500 | Payment Due: 2025-08-18","HP DesignJet produces stunning architectural prints. Color accuracy is professional-grade. HCL Digital Store's technical team helped with calibration at no extra cost. Superb service!",positive
INV-143,"Invoice No: INV-143 | Date: 2026-03-18 | From: CloudMinds India Pvt Ltd | To: Rao SaaS Platform, Bangalore | Items: 1x Kubernetes Cluster Setup @Rs.250000 | Subtotal: Rs.250000 | GST (18%): Rs.45000 | Total: Rs.295000 | Payment Due: 2026-04-18","Cluster is deployed and running. CloudMinds India provided documentation for management. Initial performance metrics look good.",neutral
INV-144,"Invoice No: INV-144 | Date: 2025-10-28 | From: Freshworks Software | To: Nair Digital Agency, Mumbai | Items: 10x Freshteam HR License (Annual) @Rs.7000 | Subtotal: Rs.70000 | GST (18%): Rs.12600 | Total: Rs.82600 | Payment Due: 2025-11-28","Freshteam has simplified our entire recruitment pipeline. The applicant tracking system is excellent and the onboarding module saves HR hours of paperwork. Brilliant product.",positive
INV-145,"Invoice No: INV-145 | Date: 2025-08-30 | From: Micromax Distribution | To: Kumar Phone Bazaar, Patna | Items: 10x Micromax Car Charger @Rs.200 | Subtotal: Rs.2000 | GST (18%): Rs.360 | Total: Rs.2360 | Payment Due: 2025-09-30","Chargers overheat and one nearly melted in a customer's car. This is a serious safety hazard. Micromax Distribution needs to recall these immediately.",negative
INV-146,"Invoice No: INV-146 | Date: 2026-01-18 | From: Zoho Enterprise Solutions | To: Agrawal Fintech, Mumbai | Items: 3x Zoho Invoice License (Annual) @Rs.5000 | Subtotal: Rs.15000 | GST (18%): Rs.2700 | Total: Rs.17700 | Payment Due: 2026-02-18","Zoho Invoice generates professional invoices with our branding. Automatic payment reminders have improved our collection rate. The GST calculation feature is particularly handy.",positive
INV-147,"Invoice No: INV-147 | Date: 2025-12-08 | From: Amazon Business India | To: Bhat Computer Store, Srinagar | Items: 5x Laptop Stand Aluminum @Rs.2500 | Subtotal: Rs.12500 | GST (18%): Rs.2250 | Total: Rs.14750 | Payment Due: 2026-01-08","Laptop stands are lightweight yet sturdy. The aluminum finish looks premium on office desks. Height is fixed but comfortable for most users.",neutral
INV-148,"Invoice No: INV-148 | Date: 2025-06-18 | From: Bharat Electronics Ltd | To: Jha Security World, Patna | Items: 3x Access Control System @Rs.35000 | Subtotal: Rs.105000 | GST (18%): Rs.18900 | Total: Rs.123900 | Payment Due: 2025-07-18","Card reader malfunctioned repeatedly in the first week. The access control software crashes on Windows 11. Bharat Electronics needs to update their software compatibility.",negative
INV-149,"Invoice No: INV-149 | Date: 2026-02-10 | From: Reliance Digital Wholesale | To: Meena Electronics, Jaipur | Items: 10x Amazfit Band 7 @Rs.2500 | Subtotal: Rs.25000 | GST (18%): Rs.4500 | Total: Rs.29500 | Payment Due: 2026-03-10","Heart rate sensor gives wildly inaccurate readings. Step counter inflates counts by 40%. Amazfit bands from Reliance Digital are unreliable fitness trackers.",negative
INV-150,"Invoice No: INV-150 | Date: 2025-09-08 | From: TechNova Solutions Pvt Ltd | To: Choudhary Network Solutions, Jodhpur | Items: 2x WiFi Mesh System 3-pack @Rs.12000 | Subtotal: Rs.24000 | GST (18%): Rs.4320 | Total: Rs.28320 | Payment Due: 2025-10-08","Mesh WiFi system covers our entire 3000 sq ft office without dead zones. Setup app is intuitive and the handoff between nodes is seamless. TechNova recommended the perfect product.",positive
INV-151,"Invoice No: INV-151 | Date: 2025-11-20 | From: Flipkart Wholesale | To: Rani Electronics, Agra | Items: 20x USB LED Light Strip 5m @Rs.400 | Subtotal: Rs.8000 | GST (18%): Rs.1440 | Total: Rs.9440 | Payment Due: 2025-12-20","LED strips are bright and the adhesive sticks well. Color options are limited compared to advertised. Acceptable product for the price.",neutral
INV-152,"Invoice No: INV-152 | Date: 2025-07-08 | From: DataServe Technologies | To: Mistry IT Solutions, Ahmedabad | Items: 5x KVM Switch 4-port @Rs.4500 | Subtotal: Rs.22500 | GST (18%): Rs.4050 | Total: Rs.26550 | Payment Due: 2025-08-08","KVM switch has input lag when switching between computers. The hotkey combination is awkward. DataServe Technologies should test these products more thoroughly before selling.",negative
INV-153,"Invoice No: INV-153 | Date: 2026-03-28 | From: Wipro Peripherals | To: Kashyap IT Hub, Lucknow | Items: 8x Ergonomic Office Chair Cushion @Rs.1200 | Subtotal: Rs.9600 | GST (18%): Rs.1728 | Total: Rs.11328 | Payment Due: 2026-04-28","Chair cushions provide good lumbar support. Material is breathable. Our team members who use them report less back pain. Good ergonomic investment.",positive
INV-154,"Invoice No: INV-154 | Date: 2025-10-15 | From: HCL Digital Store | To: Rana Print House, Dehradun | Items: 10x Ink Cartridge Set (CMYK) @Rs.1500 | Subtotal: Rs.15000 | GST (18%): Rs.2700 | Total: Rs.17700 | Payment Due: 2025-11-15","Ink cartridges are compatible and print quality is satisfactory. Color reproduction is close to OEM cartridges. Reasonable alternative at this price point.",neutral
INV-155,"Invoice No: INV-155 | Date: 2025-08-05 | From: Infosys BPO Supplies | To: Ghate Office Products, Nashik | Items: 15x Magnetic Whiteboard 4x3ft @Rs.2500 | Subtotal: Rs.37500 | GST (18%): Rs.6750 | Total: Rs.44250 | Payment Due: 2025-09-05","Whiteboard surface started peeling within 2 weeks. Magnets don't stick properly. Infosys BPO Supplies should stop selling these low-quality boards. Complete disappointment.",negative
INV-156,"Invoice No: INV-156 | Date: 2026-01-30 | From: Zoho Enterprise Solutions | To: Menon Legal Tech, Kochi | Items: 4x Zoho Sign License (Annual) @Rs.8000 | Subtotal: Rs.32000 | GST (18%): Rs.5760 | Total: Rs.37760 | Payment Due: 2026-02-28","Zoho Sign has made our contract management paperless. Legal validity of e-signatures is well-documented. Our clients find the signing process smooth and professional.",positive
INV-157,"Invoice No: INV-157 | Date: 2025-12-18 | From: CloudMinds India Pvt Ltd | To: Sethi E-commerce, Amritsar | Items: 1x Load Balancer Setup @Rs.80000 | Subtotal: Rs.80000 | GST (18%): Rs.14400 | Total: Rs.94400 | Payment Due: 2026-01-18","Load balancer configuration was done remotely. Initial testing shows traffic distribution is working correctly. CloudMinds provided basic monitoring setup.",neutral
INV-158,"Invoice No: INV-158 | Date: 2025-06-22 | From: Tata Consultancy Peripherals | To: Biswas Tech World, Kolkata | Items: 5x Acer Chromebook @Rs.22000 | Subtotal: Rs.110000 | GST (18%): Rs.19800 | Total: Rs.129800 | Payment Due: 2025-07-22","Chromebooks are perfect for our staff who primarily use web-based tools. Boot time is under 10 seconds and battery lasts all day. Tata Consultancy provided excellent bulk pricing.",positive
INV-159,"Invoice No: INV-159 | Date: 2026-02-22 | From: Amazon Business India | To: Walia Electronics, Patiala | Items: 6x Smart Plug WiFi @Rs.800 | Subtotal: Rs.4800 | GST (18%): Rs.864 | Total: Rs.5664 | Payment Due: 2026-03-22","Smart plugs randomly disconnect from WiFi. The scheduling feature is unreliable. For IoT devices, stable connectivity is non-negotiable. These failed that basic requirement.",negative
INV-160,"Invoice No: INV-160 | Date: 2025-09-18 | From: Flipkart Wholesale | To: Dey Electronics, Kolkata | Items: 5x Google Nest Mini @Rs.3500 | Subtotal: Rs.17500 | GST (18%): Rs.3150 | Total: Rs.20650 | Payment Due: 2025-10-18","Nest Minis arrived well-packed. Sound quality is impressive for the size. Easy to set up. Customers are buying them as gifts.",positive
INV-161,"Invoice No: INV-161 | Date: 2025-11-08 | From: Bharat Electronics Ltd | To: Malhotra Power, Delhi | Items: 5x Inverter 2KVA @Rs.12000 | Subtotal: Rs.60000 | GST (18%): Rs.10800 | Total: Rs.70800 | Payment Due: 2025-12-08","Inverters provide clean power output. Changeover time is fast enough that computers don't restart. Bharat Electronics inverters are reliable.",neutral
INV-162,"Invoice No: INV-162 | Date: 2025-07-25 | From: DataServe Technologies | To: Pawar Networks, Pune | Items: 1x Managed Firewall Service (Annual) @Rs.96000 | Subtotal: Rs.96000 | GST (18%): Rs.17280 | Total: Rs.113280 | Payment Due: 2025-08-25","DataServe's managed firewall has blocked multiple intrusion attempts. Their SOC team sends detailed weekly reports. Security posture has improved significantly since deployment.",positive
INV-163,"Invoice No: INV-163 | Date: 2026-03-15 | From: Reliance Digital Wholesale | To: Jain Mobile Centre, Indore | Items: 8x OnePlus Nord CE4 @Rs.24000 | Subtotal: Rs.192000 | GST (18%): Rs.34560 | Total: Rs.226560 | Payment Due: 2026-04-15","One phone had a scratched screen out of the box. Reliance Digital Wholesale customer support took 8 days to respond to our complaint. Unacceptable for a business supplier.",negative
INV-164,"Invoice No: INV-164 | Date: 2025-10-22 | From: TechNova Solutions Pvt Ltd | To: Thapa Computer Hub, Gangtok | Items: 3x Thermal Printer 80mm @Rs.8000, 10x Thermal Roll @Rs.150 | Subtotal: Rs.25500 | GST (18%): Rs.4590 | Total: Rs.30090 | Payment Due: 2025-11-22","Thermal printers are fast and receipt quality is clear. TechNova included extra thermal rolls as a bonus. Printing speed is exactly what our billing counter needed.",positive
INV-165,"Invoice No: INV-165 | Date: 2025-08-15 | From: Wipro Peripherals | To: Sharma Tech Zone, Jaipur | Items: 4x Graphic Tablet 10x6 @Rs.5500 | Subtotal: Rs.22000 | GST (18%): Rs.3960 | Total: Rs.25960 | Payment Due: 2025-09-15","Graphic tablets have good pressure sensitivity. The drawing surface feels natural. Pen tilt detection works well with Photoshop. Our design team is happy.",neutral
INV-166,"Invoice No: INV-166 | Date: 2026-01-08 | From: Freshworks Software | To: Kulkarni SaaS, Pune | Items: 8x Freshconnect License (Annual) @Rs.4000 | Subtotal: Rs.32000 | GST (18%): Rs.5760 | Total: Rs.37760 | Payment Due: 2026-02-08","Freshconnect facilitates team collaboration effectively. The integration with other Freshworks products creates a unified workflow. File sharing and threaded discussions work seamlessly.",positive
INV-167,"Invoice No: INV-167 | Date: 2025-12-22 | From: HCL Digital Store | To: Sengupta Computers, Kolkata | Items: 3x Barcode Scanner Wireless @Rs.6000 | Subtotal: Rs.18000 | GST (18%): Rs.3240 | Total: Rs.21240 | Payment Due: 2026-01-22","Barcode scanners failed to read damaged or slightly bent barcodes. The wireless range is only 5 meters despite claiming 10 meters. HCL should update their specifications honestly.",negative
INV-168,"Invoice No: INV-168 | Date: 2025-06-30 | From: Zoho Enterprise Solutions | To: Reddy Accounting Firm, Hyderabad | Items: 6x Zoho Expense License (Annual) @Rs.4000 | Subtotal: Rs.24000 | GST (18%): Rs.4320 | Total: Rs.28320 | Payment Due: 2025-07-30","Receipt scanning with OCR works accurately. Expense categorization saves time. Approval workflows are customizable. Zoho Expense has made reimbursements painless for our team.",positive
INV-169,"Invoice No: INV-169 | Date: 2026-02-05 | From: Amazon Business India | To: Bhatia Office Automation, Gurgaon | Items: 4x Label Printer @Rs.5000, 10x Label Roll @Rs.300 | Subtotal: Rs.23000 | GST (18%): Rs.4140 | Total: Rs.27140 | Payment Due: 2026-03-05","Label printers produce clear text and barcodes. Roll replacement is simple. Adequate for our warehouse labeling needs.",neutral
INV-170,"Invoice No: INV-170 | Date: 2025-09-02 | From: CloudMinds India Pvt Ltd | To: Namboodiri Tech, Trivandrum | Items: 1x Database Migration Service @Rs.180000 | Subtotal: Rs.180000 | GST (18%): Rs.32400 | Total: Rs.212400 | Payment Due: 2025-10-02","CloudMinds India migrated our 500GB database with zero data loss. The entire process was completed over a weekend as planned. Their DBA team is highly competent. Excellent service!",positive
INV-171,"Invoice No: INV-171 | Date: 2025-11-25 | From: Flipkart Wholesale | To: Joshi Mobile Mart, Nagpur | Items: 12x Tempered Glass iPhone 15 @Rs.250, 12x Clear Case iPhone 15 @Rs.300 | Subtotal: Rs.6600 | GST (18%): Rs.1188 | Total: Rs.7788 | Payment Due: 2025-12-25","Tempered glass doesn't align with the iPhone 15 camera cutout. Cases turn yellow within a week. Flipkart Wholesale's phone accessories are cheap knockoffs.",negative
INV-172,"Invoice No: INV-172 | Date: 2025-07-12 | From: Infosys BPO Supplies | To: Kapur Stationery House, Delhi | Items: 30x Presentation Folder @Rs.45, 20x Document Binder @Rs.180 | Subtotal: Rs.4950 | GST (18%): Rs.891 | Total: Rs.5841 | Payment Due: 2025-08-12","Folder pockets ripped when inserting standard A4 documents. Binder ring mechanisms are jammed on 8 out of 20 units. Infosys BPO Supplies quality has really gone downhill.",negative
INV-173,"Invoice No: INV-173 | Date: 2026-03-22 | From: Micromax Distribution | To: Tiwari Telecom, Bhopal | Items: 20x Micromax Power Bank 5000mAh @Rs.500 | Subtotal: Rs.10000 | GST (18%): Rs.1800 | Total: Rs.11800 | Payment Due: 2026-04-22","Actual capacity is nowhere near 5000mAh. Can barely charge a phone once. Micromax is deceiving customers with inflated specifications. Returning entire batch.",negative
INV-174,"Invoice No: INV-174 | Date: 2025-10-05 | From: Tata Consultancy Peripherals | To: Das Computer Center, Guwahati | Items: 6x Microsoft Surface Mouse @Rs.3000 | Subtotal: Rs.18000 | GST (18%): Rs.3240 | Total: Rs.21240 | Payment Due: 2025-11-05","Surface mice are sleek and ergonomic. Bluetooth connectivity is stable. The scroll wheel is buttery smooth. Premium feel at a reasonable price point.",positive
INV-175,"Invoice No: INV-175 | Date: 2025-08-20 | From: Bharat Electronics Ltd | To: Verma Electrical, Kanpur | Items: 10x LED Panel Light 40W @Rs.1500 | Subtotal: Rs.15000 | GST (18%): Rs.2700 | Total: Rs.17700 | Payment Due: 2025-09-20","LED panels provide uniform lighting. Color temperature is consistent across all units. Energy savings compared to tube lights are noticeable.",neutral
INV-176,"Invoice No: INV-176 | Date: 2026-01-15 | From: DataServe Technologies | To: Hegde Server Room, Mangalore | Items: 2x Server PDU 16A @Rs.12000 | Subtotal: Rs.24000 | GST (18%): Rs.4320 | Total: Rs.28320 | Payment Due: 2026-02-15","PDUs are well-built with individual circuit breakers. Metered output helps us monitor power consumption per rack unit. DataServe Technologies delivers enterprise-quality products.",positive
INV-177,"Invoice No: INV-177 | Date: 2025-12-28 | From: Reliance Digital Wholesale | To: Rawat Audio Visual, Dehradun | Items: 3x LG 55-inch Smart TV @Rs.48000 | Subtotal: Rs.144000 | GST (18%): Rs.25920 | Total: Rs.169920 | Payment Due: 2026-01-28","One TV had a stuck pixel cluster visible on white backgrounds. Reliance Digital said it's within acceptable limits per LG policy. Paying Rs.48000 for a defective display is not acceptable.",negative
INV-178,"Invoice No: INV-178 | Date: 2025-06-12 | From: Wipro Peripherals | To: Iyer Tech Solutions, Chennai | Items: 10x Laptop Sleeve 14in @Rs.600 | Subtotal: Rs.6000 | GST (18%): Rs.1080 | Total: Rs.7080 | Payment Due: 2025-07-12","Laptop sleeves started tearing at the seams after just one week. Zipper broke on 4 units. Wipro Peripherals should not sell such poorly stitched products at Rs.600 each.",negative
INV-179,"Invoice No: INV-179 | Date: 2026-02-18 | From: HCL Digital Store | To: Sharma Print Solutions, Jaipur | Items: 5x Paper Shredder Cross-Cut @Rs.8000 | Subtotal: Rs.40000 | GST (18%): Rs.7200 | Total: Rs.47200 | Payment Due: 2026-03-18","Shredders handle 8-10 sheets at a time as specified. Cross-cut provides adequate security. Motor is a bit loud but acceptable.",neutral
INV-180,"Invoice No: INV-180 | Date: 2025-09-28 | From: Flipkart Wholesale | To: Mishra Gadget Hub, Lucknow | Items: 10x Portronics Sound Drum @Rs.1200 | Subtotal: Rs.12000 | GST (18%): Rs.2160 | Total: Rs.14160 | Payment Due: 2025-10-28","Portronics speakers deliver surprisingly good sound for the price. Waterproof feature is a great selling point. Customers love the color options. Fast-moving product in our store.",positive
INV-181,"Invoice No: INV-181 | Date: 2025-11-12 | From: CloudMinds India Pvt Ltd | To: Banerjee Startups, Kolkata | Items: 1x Startup Hosting Package @Rs.36000 | Subtotal: Rs.36000 | GST (18%): Rs.6480 | Total: Rs.42480 | Payment Due: 2025-12-12","Server went down twice during our product launch. CloudMinds India's startup package clearly uses oversold shared servers. Cost us potential revenue and customer trust. Moving to AWS.",negative
INV-182,"Invoice No: INV-182 | Date: 2025-07-20 | From: Freshworks Software | To: Sood Customer Service, Shimla | Items: 6x Freshcaller License (Annual) @Rs.10000 | Subtotal: Rs.60000 | GST (18%): Rs.10800 | Total: Rs.70800 | Payment Due: 2025-08-20","Freshcaller's IVR setup was straightforward and call routing works perfectly. Call recording feature is valuable for training. Our customer service NPS improved by 25 points.",positive
INV-183,"Invoice No: INV-183 | Date: 2026-03-08 | From: TechNova Solutions Pvt Ltd | To: Patel Computer Bazaar, Surat | Items: 20x Webcam Cover Slide @Rs.50, 20x Cable Protector @Rs.100 | Subtotal: Rs.3000 | GST (18%): Rs.540 | Total: Rs.3540 | Payment Due: 2026-04-08","Small accessories that do their job. Webcam covers slide smoothly. Cable protectors prevent fraying. Basic but useful items from TechNova.",neutral
INV-184,"Invoice No: INV-184 | Date: 2025-10-18 | From: Amazon Business India | To: Oberoi Systems, Chandigarh | Items: 3x Logitech Conference Camera @Rs.45000 | Subtotal: Rs.135000 | GST (18%): Rs.24300 | Total: Rs.159300 | Payment Due: 2025-11-18","Logitech conference cameras transformed our meeting rooms. 4K video, AI framing, and crystal-clear audio make remote participants feel present. Worth every rupee for hybrid workplaces.",positive
INV-185,"Invoice No: INV-185 | Date: 2025-08-08 | From: Zoho Enterprise Solutions | To: Kumar Logistics, Chennai | Items: 5x Zoho Fleet License (Annual) @Rs.12000 | Subtotal: Rs.60000 | GST (18%): Rs.10800 | Total: Rs.70800 | Payment Due: 2025-09-08","GPS tracking is delayed by 5-10 minutes making real-time tracking useless. Zoho Fleet needs significant improvement in location accuracy and refresh rates. Not ready for logistics operations.",negative
INV-186,"Invoice No: INV-186 | Date: 2026-01-22 | From: DataServe Technologies | To: Singh Data Solutions, Delhi | Items: 4x External RAID Enclosure @Rs.18000 | Subtotal: Rs.72000 | GST (18%): Rs.12960 | Total: Rs.84960 | Payment Due: 2026-02-22","RAID enclosures are solidly built with good airflow. Drive insertion mechanism is tool-free. DataServe included detailed RAID configuration instructions.",neutral
INV-187,"Invoice No: INV-187 | Date: 2025-12-15 | From: Bharat Electronics Ltd | To: Garg Electrical, Bareilly | Items: 6x Smart Switch WiFi @Rs.1200 | Subtotal: Rs.7200 | GST (18%): Rs.1296 | Total: Rs.8496 | Payment Due: 2026-01-15","Smart switches from Bharat Electronics integrate seamlessly with Google Home. The physical switch still works during WiFi outages. Installation was simple with standard wiring.",positive
INV-188,"Invoice No: INV-188 | Date: 2025-06-25 | From: Wipro Peripherals | To: Chatterjee IT Center, Kolkata | Items: 4x Wireless Presenter Laser @Rs.2000 | Subtotal: Rs.8000 | GST (18%): Rs.1440 | Total: Rs.9440 | Payment Due: 2025-07-25","Laser doesn't work from more than 3 meters in bright rooms. Range is severely limited compared to what's advertised. Wipro Peripherals presenters are overpriced for what they deliver.",negative
INV-189,"Invoice No: INV-189 | Date: 2026-02-12 | From: Reliance Digital Wholesale | To: Sharma Home Appliances, Mumbai | Items: 5x Amazon Echo Dot 5th Gen @Rs.4500 | Subtotal: Rs.22500 | GST (18%): Rs.4050 | Total: Rs.26550 | Payment Due: 2026-03-12","Echo Dots are popular gift items. Sound quality has improved from previous generation. Customers find Alexa increasingly useful. Good seller in our showroom.",positive
INV-190,"Invoice No: INV-190 | Date: 2025-09-22 | From: HCL Digital Store | To: Goswami Office Automation, Indore | Items: 2x Binding Machine @Rs.6000 | Subtotal: Rs.12000 | GST (18%): Rs.2160 | Total: Rs.14160 | Payment Due: 2025-10-22","Binding machines handle up to 200 sheets as specified. The punch mechanism is smooth. Adequate for our document binding needs in the office.",neutral
INV-191,"Invoice No: INV-191 | Date: 2025-11-18 | From: Flipkart Wholesale | To: Pandey Electronics Hub, Varanasi | Items: 8x Noise ColorFit Pro 5 @Rs.4000 | Subtotal: Rs.32000 | GST (18%): Rs.5760 | Total: Rs.37760 | Payment Due: 2025-12-18","Smartwatches sell well and customers love the AMOLED display. SpO2 and heart rate tracking are accurate. Flipkart Wholesale bulk pricing gives us healthy margins.",positive
INV-192,"Invoice No: INV-192 | Date: 2025-07-05 | From: TechNova Solutions Pvt Ltd | To: Roy Computer Service, Patna | Items: 5x CPU Cooler Tower @Rs.3000 | Subtotal: Rs.15000 | GST (18%): Rs.2700 | Total: Rs.17700 | Payment Due: 2025-08-05","Cooler fan bearings started making grinding noise within a month on 2 units. TechNova Solutions' cooling products are not reliable for the price. Expected better quality control.",negative
INV-193,"Invoice No: INV-193 | Date: 2026-03-12 | From: Freshworks Software | To: Nair Travel Agency, Trivandrum | Items: 4x Freshsales Travel CRM (Annual) @Rs.18000 | Subtotal: Rs.72000 | GST (18%): Rs.12960 | Total: Rs.84960 | Payment Due: 2026-04-12","Freshsales has helped us track travel inquiries and conversions efficiently. The pipeline view gives clear visibility into our sales funnel. Customization options are extensive and user-friendly.",positive
INV-194,"Invoice No: INV-194 | Date: 2025-10-10 | From: Infosys BPO Supplies | To: Saxena Corp, Agra | Items: 25x ID Card Holder @Rs.30, 25x Lanyard @Rs.20 | Subtotal: Rs.1250 | GST (18%): Rs.225 | Total: Rs.1475 | Payment Due: 2025-11-10","ID card holders and lanyards are basic quality. Functional for corporate use. Standard bulk order.",neutral
INV-195,"Invoice No: INV-195 | Date: 2025-08-28 | From: CloudMinds India Pvt Ltd | To: Desai Web Dev, Ahmedabad | Items: 1x CI/CD Pipeline Setup @Rs.100000 | Subtotal: Rs.100000 | GST (18%): Rs.18000 | Total: Rs.118000 | Payment Due: 2025-09-28","CloudMinds India set up our CI/CD pipeline but the configuration was poorly documented. When their engineer left, nobody could maintain it. Rs.1 lakh for a black-box setup is not acceptable.",negative
INV-196,"Invoice No: INV-196 | Date: 2026-01-28 | From: Tata Consultancy Peripherals | To: Bhonsle IT, Pune | Items: 8x Logitech Rally Speakerphone @Rs.22000 | Subtotal: Rs.176000 | GST (18%): Rs.31680 | Total: Rs.207680 | Payment Due: 2026-02-28","Logitech Rally speakerphones deliver conference-room quality audio. Voice pickup is excellent even from the far end of the table. Tata Consultancy Peripherals gave us priority delivery for our boardroom refresh.",positive
INV-197,"Invoice No: INV-197 | Date: 2025-12-02 | From: DataServe Technologies | To: Ahuja Networking, Delhi | Items: 3x Managed Switch 48-port PoE @Rs.45000 | Subtotal: Rs.135000 | GST (18%): Rs.24300 | Total: Rs.159300 | Payment Due: 2026-01-02","Managed switches are feature-rich. VLAN configuration and QoS settings are accessible through the web interface. DataServe Technologies pre-configured them per our specifications.",neutral
INV-198,"Invoice No: INV-198 | Date: 2025-06-15 | From: Bharat Electronics Ltd | To: Chand Electronics, Ranchi | Items: 4x PA System Speaker @Rs.15000 | Subtotal: Rs.60000 | GST (18%): Rs.10800 | Total: Rs.70800 | Payment Due: 2025-07-15","PA speakers produce distortion at high volumes. For a public address system, this is a dealbreaker. Bharat Electronics should test audio quality at all volume levels before shipping.",negative
INV-199,"Invoice No: INV-199 | Date: 2026-02-25 | From: Wipro Peripherals | To: Kapoor Digital Mall, Jalandhar | Items: 5x Laptop Docking Station Thunderbolt @Rs.12000 | Subtotal: Rs.60000 | GST (18%): Rs.10800 | Total: Rs.70800 | Payment Due: 2026-03-25","Thunderbolt docking stations work flawlessly with both Windows and Mac. Dual 4K output is smooth with no flickering. Wipro Peripherals hit a home run with these docks.",positive
INV-200,"Invoice No: INV-200 | Date: 2025-09-30 | From: Reliance Digital Wholesale | To: Ahluwalia Tech House, Chandigarh | Items: 2x Sony 65-inch BRAVIA TV @Rs.95000 | Subtotal: Rs.190000 | GST (18%): Rs.34200 | Total: Rs.224200 | Payment Due: 2025-10-30","Sony BRAVIA TVs have exceptional picture quality and the Android TV interface is smooth. Reliance Digital Wholesale delivered with premium handling. Already had two customers asking where we got them.",positive
